{"cameraMode":{"drawMode":0,"name":"Shaded","section":"Shading Mode"},"sceneLighting":false,"audioPlay":false,"sceneViewState":{"showFog":true,"showMaterialUpdate":true,"showSkybox":false,"showFlares":true,"showImageEffects":true,"showParticleSystems":true},"in2DMode":false,"pivot":{"x":1.585723876953125,"y":11.927501678466797,"z":0.014999985694885254},"rotation":{"x":-0.2191298007965088,"y":0.4419746696949005,"z":-0.08283457905054093,"w":-0.8676140308380127},"size":14.328042984008789,"orthographic":false}