{"cameraMode":{"drawMode":0,"name":"Shaded","section":"Shading Mode"},"sceneLighting":false,"audioPlay":false,"sceneViewState":{"showFog":true,"showMaterialUpdate":true,"showSkybox":false,"showFlares":true,"showImageEffects":true,"showParticleSystems":true},"in2DMode":false,"pivot":{"x":0.1790582686662674,"y":-0.030242159962654115,"z":0.1920349895954132},"rotation":{"x":0.0791933685541153,"y":0.8460626602172852,"z":-0.1382632702589035,"w":0.5097456574440002},"size":0.5820716619491577,"orthographic":false}