{"cameraMode":{"drawMode":0,"name":"Shaded","section":"Shading Mode"},"sceneLighting":false,"audioPlay":false,"sceneViewState":{"showFog":true,"showMaterialUpdate":true,"showSkybox":false,"showFlares":true,"showImageEffects":true,"showParticleSystems":true},"in2DMode":false,"pivot":{"x":579.5888061523438,"y":304.4139709472656,"z":-0.6400579214096069},"rotation":{"x":-0.11433497816324234,"y":0.4801577031612396,"z":-0.06105276197195053,"w":-0.8681728839874268},"size":0.13619914650917054,"orthographic":false}