{"cameraMode":{"drawMode":0,"name":"Shaded","section":"Shading Mode"},"sceneLighting":false,"audioPlay":false,"sceneViewState":{"showFog":true,"showMaterialUpdate":true,"showSkybox":false,"showFlares":true,"showImageEffects":true,"showParticleSystems":true},"in2DMode":false,"pivot":{"x":-0.24070000648498536,"y":0.04989999905228615,"z":-0.03175239637494087},"rotation":{"x":0.09711360186338425,"y":0.5380851626396179,"z":-0.08582567423582077,"w":0.8343700766563416},"size":0.90739506483078,"orthographic":false}