{"cameraMode":{"drawMode":0,"name":"Shaded","section":"Shading Mode"},"sceneLighting":false,"audioPlay":false,"sceneViewState":{"showFog":true,"showMaterialUpdate":true,"showSkybox":false,"showFlares":true,"showImageEffects":true,"showParticleSystems":true},"in2DMode":false,"pivot":{"x":-0.000008553266525268555,"y":0.4117628037929535,"z":0.03666001558303833},"rotation":{"x":-0.2074558585882187,"y":-0.6716078519821167,"z":0.20499351620674134,"w":-0.6817957758903503},"size":0.6106502413749695,"orthographic":false}