{"cameraMode":{"drawMode":0,"name":"Shaded","section":"Shading Mode"},"sceneLighting":false,"audioPlay":false,"sceneViewState":{"showFog":true,"showMaterialUpdate":true,"showSkybox":true,"showFlares":true,"showImageEffects":true,"showParticleSystems":true},"in2DMode":false,"pivot":{"x":2.50004506111145,"y":1.6288886070251465,"z":4.185340881347656},"rotation":{"x":-0.010871280916035176,"y":0.4884490668773651,"z":-0.0059412880800664429,"w":0.8748148083686829},"size":4.212762355804443,"orthographic":false}