{"cameraMode":{"drawMode":0,"name":"Shaded","section":"Shading Mode"},"sceneLighting":false,"audioPlay":false,"sceneViewState":{"showFog":true,"showMaterialUpdate":true,"showSkybox":false,"showFlares":true,"showImageEffects":true,"showParticleSystems":true},"in2DMode":false,"pivot":{"x":5.56916618347168,"y":0.4437452554702759,"z":-3.855452537536621},"rotation":{"x":0.054857037961483,"y":-0.9450569152832031,"z":0.22109240293502809,"w":0.2345755249261856},"size":1.8128154277801514,"orthographic":false}