{"cameraMode":{"drawMode":0,"name":"Shaded","section":"Shading Mode"},"sceneLighting":false,"audioPlay":false,"sceneViewState":{"showFog":true,"showMaterialUpdate":true,"showSkybox":false,"showFlares":true,"showImageEffects":true,"showParticleSystems":true},"in2DMode":false,"pivot":{"x":1.9878709316253663,"y":0.4294590950012207,"z":-3.6465847492218019},"rotation":{"x":-0.29611697793006899,"y":-0.20233464241027833,"z":0.06422432512044907,"w":-0.9313753247261047},"size":1.2752094268798829,"orthographic":false}