{"cameraMode":{"drawMode":0,"name":"Shaded","section":"Shading Mode"},"sceneLighting":false,"audioPlay":false,"sceneViewState":{"showFog":true,"showMaterialUpdate":true,"showSkybox":false,"showFlares":true,"showImageEffects":true,"showParticleSystems":true},"in2DMode":false,"pivot":{"x":-1.1796045303344727,"y":0.7354916334152222,"z":-3.240114688873291},"rotation":{"x":0.05498439073562622,"y":-0.49372822046279909,"z":0.03129655495285988,"w":0.8673264980316162},"size":0.7665573954582214,"orthographic":false}