{"cameraMode":{"drawMode":0,"name":"Shaded","section":"Shading Mode"},"sceneLighting":false,"audioPlay":false,"sceneViewState":{"showFog":true,"showMaterialUpdate":true,"showSkybox":true,"showFlares":true,"showImageEffects":true,"showParticleSystems":true},"in2DMode":false,"pivot":{"x":-32.457679748535159,"y":1.0067623853683472,"z":0.44805192947387698},"rotation":{"x":0.05932702124118805,"y":0.014931206591427327,"z":-0.011274633929133416,"w":1.0000864267349244},"size":-0.28240495920181277,"orthographic":false}