{"cameraMode":{"drawMode":0,"name":"Shaded","section":"Shading Mode"},"sceneLighting":false,"audioPlay":false,"sceneViewState":{"showFog":true,"showMaterialUpdate":true,"showSkybox":false,"showFlares":true,"showImageEffects":true,"showParticleSystems":true},"in2DMode":false,"pivot":{"x":-0.29122215509414675,"y":-0.09463158249855042,"z":0.17079201340675355},"rotation":{"x":-0.10022833943367005,"y":0.5605211853981018,"z":-0.06743506342172623,"w":-0.8214473724365234},"size":0.24352920055389405,"orthographic":false}