{"cameraMode":{"drawMode":0,"name":"Shaded","section":"Shading Mode"},"sceneLighting":false,"audioPlay":false,"sceneViewState":{"showFog":true,"showMaterialUpdate":true,"showSkybox":false,"showFlares":true,"showImageEffects":true,"showParticleSystems":true},"in2DMode":false,"pivot":{"x":-1.3086031675338746,"y":1.2750422954559327,"z":-0.40298426151275637},"rotation":{"x":-0.008971845731139183,"y":0.9656267762184143,"z":-0.03362612798810005,"w":-0.2576003670692444},"size":0.8711029887199402,"orthographic":false}