{"cameraMode":{"drawMode":0,"name":"Shaded","section":"Shading Mode"},"sceneLighting":false,"audioPlay":false,"sceneViewState":{"showFog":true,"showMaterialUpdate":true,"showSkybox":false,"showFlares":true,"showImageEffects":true,"showParticleSystems":true},"in2DMode":false,"pivot":{"x":-0.26269152760505679,"y":-0.1498883068561554,"z":-0.48612362146377566},"rotation":{"x":-0.013934288173913956,"y":0.9524772763252258,"z":-0.30326026678085329,"w":-0.027601949870586396},"size":0.42055875062942507,"orthographic":false}