{"cameraMode":{"drawMode":0,"name":"Shaded","section":"Shading Mode"},"sceneLighting":false,"audioPlay":false,"sceneViewState":{"showFog":true,"showMaterialUpdate":true,"showSkybox":false,"showFlares":true,"showImageEffects":true,"showParticleSystems":true},"in2DMode":false,"pivot":{"x":3.7310478687286379,"y":1.231644630432129,"z":1.5117955207824708},"rotation":{"x":-0.1793116182088852,"y":-0.5284832715988159,"z":0.11923602968454361,"w":-0.8218162059783936},"size":4.448458194732666,"orthographic":false}