{"cameraMode":{"drawMode":0,"name":"Shaded","section":"Shading Mode"},"sceneLighting":false,"audioPlay":false,"sceneViewState":{"showFog":true,"showMaterialUpdate":true,"showSkybox":false,"showFlares":true,"showImageEffects":true,"showParticleSystems":true},"in2DMode":false,"pivot":{"x":-0.9434841275215149,"y":-0.4838775098323822,"z":-3.954512596130371},"rotation":{"x":0.008352058008313179,"y":-0.9933986663818359,"z":0.08593961596488953,"w":0.08257906138896942},"size":2.4453237056732179,"orthographic":false}