{"cameraMode":{"drawMode":0,"name":"Shaded","section":"Shading Mode"},"sceneLighting":false,"audioPlay":false,"sceneViewState":{"showFog":true,"showMaterialUpdate":true,"showSkybox":false,"showFlares":true,"showImageEffects":true,"showParticleSystems":true},"in2DMode":false,"pivot":{"x":-0.07221061736345291,"y":0.10499999672174454,"z":0.018500031903386117},"rotation":{"x":0.3149717152118683,"y":0.021586302667856218,"z":-0.010222045704722405,"w":0.9494215250015259},"size":0.12876971065998078,"orthographic":false}