{"cameraMode":{"drawMode":0,"name":"Shaded","section":"Shading Mode"},"sceneLighting":false,"audioPlay":false,"sceneViewState":{"showFog":true,"showMaterialUpdate":true,"showSkybox":true,"showFlares":true,"showImageEffects":true,"showParticleSystems":true},"in2DMode":false,"pivot":{"x":-29.316131591796876,"y":0.40410923957824709,"z":4.56678581237793},"rotation":{"x":0.22299566864967347,"y":0.2592068612575531,"z":-0.07399023324251175,"w":0.9389625787734985},"size":1.44679856300354,"orthographic":false}