{"cameraMode":{"drawMode":0,"name":"Shaded","section":"Shading Mode"},"sceneLighting":false,"audioPlay":false,"sceneViewState":{"showFog":true,"showMaterialUpdate":true,"showSkybox":true,"showFlares":true,"showImageEffects":true,"showParticleSystems":true},"in2DMode":false,"pivot":{"x":-21.00786018371582,"y":0.34238961338996889,"z":-0.09312215447425842},"rotation":{"x":-0.020360710099339486,"y":0.7283628582954407,"z":0.013854500837624073,"w":-0.6869243383407593},"size":3.4782040119171144,"orthographic":false}