{"cameraMode":{"drawMode":0,"name":"Shaded","section":"Shading Mode"},"sceneLighting":false,"audioPlay":false,"sceneViewState":{"showFog":true,"showMaterialUpdate":true,"showSkybox":true,"showFlares":true,"showImageEffects":true,"showParticleSystems":true},"in2DMode":false,"pivot":{"x":-2.778672218322754,"y":4.814347743988037,"z":-0.2768648862838745},"rotation":{"x":-0.07573853433132172,"y":-0.7527926564216614,"z":0.09992680698633194,"w":-0.647382378578186},"size":8.444415092468262,"orthographic":false}