{"cameraMode":{"drawMode":0,"name":"Shaded","section":"Shading Mode"},"sceneLighting":false,"audioPlay":false,"sceneViewState":{"showFog":true,"showMaterialUpdate":true,"showSkybox":true,"showFlares":true,"showImageEffects":true,"showParticleSystems":true},"in2DMode":false,"pivot":{"x":-0.6230118274688721,"y":6.290682792663574,"z":-4.0318450927734379},"rotation":{"x":-0.0002220931346528232,"y":0.8245049118995667,"z":-0.5671834349632263,"w":0.018547609448432924},"size":9.106761932373047,"orthographic":false}