{"cameraMode":{"drawMode":0,"name":"Shaded","section":"Shading Mode"},"sceneLighting":false,"audioPlay":false,"sceneViewState":{"showFog":true,"showMaterialUpdate":true,"showSkybox":true,"showFlares":true,"showImageEffects":true,"showParticleSystems":true},"in2DMode":false,"pivot":{"x":-16.20767593383789,"y":0.3826017379760742,"z":-2.515561103820801},"rotation":{"x":-0.05856117978692055,"y":0.7487056851387024,"z":-0.0555306039750576,"w":-0.660472571849823},"size":3.2475674152374269,"orthographic":false}