{"cameraMode":{"drawMode":0,"name":"Shaded","section":"Shading Mode"},"sceneLighting":false,"audioPlay":false,"sceneViewState":{"showFog":true,"showMaterialUpdate":true,"showSkybox":true,"showFlares":true,"showImageEffects":true,"showParticleSystems":true},"in2DMode":false,"pivot":{"x":13.753578186035157,"y":3.1354339122772219,"z":-1.9763516187667847},"rotation":{"x":0.05776146426796913,"y":-0.7126672267913818,"z":-0.06179545447230339,"w":-0.6974204778671265},"size":11.500362396240235,"orthographic":false}