{"cameraMode":{"drawMode":0,"name":"Shaded","section":"Shading Mode"},"sceneLighting":false,"audioPlay":false,"sceneViewState":{"showFog":true,"showMaterialUpdate":true,"showSkybox":true,"showFlares":true,"showImageEffects":true,"showParticleSystems":true},"in2DMode":false,"pivot":{"x":-6.412589073181152,"y":-0.48449748754501345,"z":8.193889617919922},"rotation":{"x":-0.18749161064624787,"y":-0.6171435713768005,"z":0.16133075952529908,"w":-0.7469993233680725},"size":0.17661261558532716,"orthographic":false}