{"cameraMode":{"drawMode":0,"name":"Shaded","section":"Shading Mode"},"sceneLighting":false,"audioPlay":false,"sceneViewState":{"showFog":true,"showMaterialUpdate":true,"showSkybox":true,"showFlares":true,"showImageEffects":true,"showParticleSystems":true},"in2DMode":false,"pivot":{"x":-33.55305099487305,"y":-1.1816699504852296,"z":9.90793228149414},"rotation":{"x":0.1473854035139084,"y":-0.5176597237586975,"z":0.06730363517999649,"w":0.8415889143943787},"size":1.7662687301635743,"orthographic":false}