{"cameraMode":{"drawMode":0,"name":"Shaded","section":"Shading Mode"},"sceneLighting":false,"audioPlay":false,"sceneViewState":{"showFog":true,"showMaterialUpdate":true,"showSkybox":true,"showFlares":true,"showImageEffects":true,"showParticleSystems":true},"in2DMode":false,"pivot":{"x":-4.045405387878418,"y":-1.443328857421875,"z":-1.856223225593567},"rotation":{"x":-0.12174132466316223,"y":0.6644578576087952,"z":-0.11200184375047684,"w":-0.7312977313995361},"size":0.2995374798774719,"orthographic":false}