{"cameraMode":{"drawMode":0,"name":"Shaded","section":"Shading Mode"},"sceneLighting":false,"audioPlay":false,"sceneViewState":{"showFog":true,"showMaterialUpdate":true,"showSkybox":true,"showFlares":true,"showImageEffects":true,"showParticleSystems":true},"in2DMode":false,"pivot":{"x":-13.501635551452637,"y":-0.04297351837158203,"z":-5.482704162597656},"rotation":{"x":-0.15156444907188416,"y":-0.6476751565933228,"z":0.14482545852661134,"w":-0.7335538268089294},"size":5.044159412384033,"orthographic":false}