{"cameraMode":{"drawMode":0,"name":"Shaded","section":"Shading Mode"},"sceneLighting":false,"audioPlay":false,"sceneViewState":{"showFog":true,"showMaterialUpdate":true,"showSkybox":true,"showFlares":true,"showImageEffects":true,"showParticleSystems":true},"in2DMode":false,"pivot":{"x":-33.16496658325195,"y":-0.25039803981781008,"z":-9.155416488647461},"rotation":{"x":0.037548407912254336,"y":-0.8793655037879944,"z":0.030157525092363359,"w":0.4763939678668976},"size":2.964407444000244,"orthographic":false}