{"cameraMode":{"drawMode":0,"name":"Shaded","section":"Shading Mode"},"sceneLighting":false,"audioPlay":false,"sceneViewState":{"showFog":true,"showMaterialUpdate":true,"showSkybox":true,"showFlares":true,"showImageEffects":true,"showParticleSystems":true},"in2DMode":false,"pivot":{"x":-3.8461194038391115,"y":-1.431344747543335,"z":1.7385711669921876},"rotation":{"x":0.06707318872213364,"y":0.9128361344337463,"z":-0.18435166776180268,"w":0.3582055866718292},"size":3.5321545600891115,"orthographic":false}