{"cameraMode":{"drawMode":0,"name":"Shaded","section":"Shading Mode"},"sceneLighting":false,"audioPlay":false,"sceneViewState":{"showFog":true,"showMaterialUpdate":true,"showSkybox":true,"showFlares":true,"showImageEffects":true,"showParticleSystems":true},"in2DMode":false,"pivot":{"x":-0.814143180847168,"y":-0.0021182596683502199,"z":1.6218903064727784},"rotation":{"x":-0.11233745515346527,"y":-0.14179450273513795,"z":0.015105114318430424,"w":-0.9852461814880371},"size":0.7892572283744812,"orthographic":false}