{"cameraMode":{"drawMode":0,"name":"Shaded","section":"Shading Mode"},"sceneLighting":false,"audioPlay":false,"sceneViewState":{"showFog":true,"showMaterialUpdate":true,"showSkybox":false,"showFlares":true,"showImageEffects":true,"showParticleSystems":true},"in2DMode":false,"pivot":{"x":0.0,"y":2.4951560497283937,"z":-0.01125335693359375},"rotation":{"x":0.11230151355266571,"y":0.5724794864654541,"z":-0.08367769420146942,"w":0.8085096478462219},"size":2.8051576614379885,"orthographic":false}