{"cameraMode":{"drawMode":0,"name":"Shaded","section":"Shading Mode"},"sceneLighting":false,"audioPlay":false,"sceneViewState":{"showFog":true,"showMaterialUpdate":true,"showSkybox":false,"showFlares":true,"showImageEffects":true,"showParticleSystems":true},"in2DMode":false,"pivot":{"x":0.5886969566345215,"y":0.0014717280864715577,"z":0.3614439070224762},"rotation":{"x":0.11003519594669342,"y":0.7426444888114929,"z":-0.13717830181121827,"w":0.6486982107162476},"size":0.5692788362503052,"orthographic":false}