{"cameraMode":{"drawMode":0,"name":"Shaded","section":"Shading Mode"},"sceneLighting":false,"audioPlay":false,"sceneViewState":{"showFog":true,"showMaterialUpdate":true,"showSkybox":true,"showFlares":true,"showImageEffects":true,"showParticleSystems":true},"in2DMode":false,"pivot":{"x":-23.89224624633789,"y":-0.37199121713638308,"z":-0.5067815780639648},"rotation":{"x":-0.13046050071716309,"y":0.14248338341712953,"z":-0.013344422914087773,"w":-0.9811960458755493},"size":2.2090964317321779,"orthographic":false}