{"cameraMode":{"drawMode":0,"name":"Shaded","section":"Shading Mode"},"sceneLighting":false,"audioPlay":false,"sceneViewState":{"showFog":true,"showMaterialUpdate":true,"showSkybox":true,"showFlares":true,"showImageEffects":true,"showParticleSystems":true},"in2DMode":false,"pivot":{"x":-16.402679443359376,"y":-43.561954498291019,"z":25.19112205505371},"rotation":{"x":-0.49988821148872378,"y":0.11792995035648346,"z":-0.07121040672063828,"w":-0.8558840751647949},"size":30.33159828186035,"orthographic":false}