{"cameraMode":{"drawMode":0,"name":"Shaded","section":"Shading Mode"},"sceneLighting":false,"audioPlay":false,"sceneViewState":{"showFog":true,"showMaterialUpdate":true,"showSkybox":true,"showFlares":true,"showImageEffects":true,"showParticleSystems":true},"in2DMode":false,"pivot":{"x":-14.035707473754883,"y":-7.95725154876709,"z":0.9328359961509705},"rotation":{"x":0.22086232900619508,"y":-0.6741694808006287,"z":0.21874727308750153,"w":0.6708453297615051},"size":7.1354146003723148,"orthographic":false}