{"cameraMode":{"drawMode":0,"name":"Shaded","section":"Shading Mode"},"sceneLighting":false,"audioPlay":false,"sceneViewState":{"showFog":true,"showMaterialUpdate":true,"showSkybox":false,"showFlares":true,"showImageEffects":true,"showParticleSystems":true},"in2DMode":false,"pivot":{"x":0.48759526014328005,"y":1.1573972702026368,"z":-1.0220102071762086},"rotation":{"x":-0.02493343874812126,"y":0.10643874853849411,"z":0.0038467447739094497,"w":0.9943563938140869},"size":0.5530557036399841,"orthographic":false}