{"cameraMode":{"drawMode":0,"name":"Shaded","section":"Shading Mode"},"sceneLighting":false,"audioPlay":false,"sceneViewState":{"showFog":true,"showMaterialUpdate":true,"showSkybox":true,"showFlares":true,"showImageEffects":true,"showParticleSystems":true},"in2DMode":false,"pivot":{"x":-12.359167098999024,"y":-1.1551158428192139,"z":10.768111228942871},"rotation":{"x":-0.2927221357822418,"y":-0.06668628007173538,"z":0.023913990706205369,"w":-0.9541895389556885},"size":1.6490013599395753,"orthographic":false}