{"cameraMode":{"drawMode":0,"name":"Shaded","section":"Shading Mode"},"sceneLighting":false,"audioPlay":false,"sceneViewState":{"showFog":true,"showMaterialUpdate":true,"showSkybox":true,"showFlares":true,"showImageEffects":true,"showParticleSystems":true},"in2DMode":false,"pivot":{"x":-10.980520248413086,"y":1.46006178855896,"z":-6.2723236083984379},"rotation":{"x":-0.03165862336754799,"y":0.9382809400558472,"z":-0.33939093351364138,"w":-0.07600657641887665},"size":2.1044461727142336,"orthographic":false}