{"cameraMode":{"drawMode":0,"name":"Shaded","section":"Shading Mode"},"sceneLighting":false,"audioPlay":false,"sceneViewState":{"showFog":true,"showMaterialUpdate":true,"showSkybox":true,"showFlares":true,"showImageEffects":true,"showParticleSystems":true},"in2DMode":false,"pivot":{"x":-20.664413452148439,"y":4.227214336395264,"z":-2.025536060333252},"rotation":{"x":-0.08935511857271195,"y":0.2372528463602066,"z":-0.016802430152893068,"w":-0.9674303531646729},"size":1.7805204391479493,"orthographic":false}