{"cameraMode":{"drawMode":0,"name":"Shaded","section":"Shading Mode"},"sceneLighting":false,"audioPlay":false,"sceneViewState":{"showFog":true,"showMaterialUpdate":true,"showSkybox":true,"showFlares":true,"showImageEffects":true,"showParticleSystems":true},"in2DMode":false,"pivot":{"x":-24.14101791381836,"y":4.284396171569824,"z":-1.7218284606933594},"rotation":{"x":-0.01508162822574377,"y":-0.9448925852775574,"z":0.03542738035321236,"w":-0.32806873321533205},"size":3.6972928047180177,"orthographic":false}