{"cameraMode":{"drawMode":0,"name":"Shaded","section":"Shading Mode"},"sceneLighting":false,"audioPlay":false,"sceneViewState":{"showFog":true,"showMaterialUpdate":true,"showSkybox":true,"showFlares":true,"showImageEffects":true,"showParticleSystems":true},"in2DMode":false,"pivot":{"x":-14.030927658081055,"y":-2.7291839122772219,"z":5.323646068572998},"rotation":{"x":0.08581523597240448,"y":-0.5312461853027344,"z":0.05407316982746124,"w":0.8434454798698425},"size":9.439691543579102,"orthographic":false}