{"cameraMode":{"drawMode":0,"name":"Shaded","section":"Shading Mode"},"sceneLighting":false,"audioPlay":false,"sceneViewState":{"showFog":true,"showMaterialUpdate":true,"showSkybox":true,"showFlares":true,"showImageEffects":true,"showParticleSystems":true},"in2DMode":false,"pivot":{"x":-23.03659439086914,"y":0.06916921585798264,"z":-2.936368942260742},"rotation":{"x":-0.02265416644513607,"y":0.13540971279144288,"z":0.004207791294902563,"w":-0.9921910166740418},"size":3.3524320125579836,"orthographic":false}