{"cameraMode":{"drawMode":0,"name":"Shaded","section":"Shading Mode"},"sceneLighting":false,"audioPlay":false,"sceneViewState":{"showFog":true,"showMaterialUpdate":true,"showSkybox":true,"showFlares":true,"showImageEffects":true,"showParticleSystems":true},"in2DMode":false,"pivot":{"x":-31.202165603637697,"y":-0.44164660573005679,"z":-7.179139137268066},"rotation":{"x":-0.03918267413973808,"y":0.8830539584159851,"z":-0.04814448207616806,"w":-0.4685421884059906},"size":1.082305908203125,"orthographic":false}