{"cameraMode":{"drawMode":0,"name":"Shaded","section":"Shading Mode"},"sceneLighting":false,"audioPlay":false,"sceneViewState":{"showFog":true,"showMaterialUpdate":true,"showSkybox":true,"showFlares":true,"showImageEffects":true,"showParticleSystems":true},"in2DMode":false,"pivot":{"x":-5.577042579650879,"y":-0.4915388822555542,"z":-7.201335906982422},"rotation":{"x":-0.09642171859741211,"y":-0.8628713488578796,"z":0.19245430827140809,"w":-0.45741644501686098},"size":1.998077154159546,"orthographic":false}