{"cameraMode":{"drawMode":0,"name":"Shaded","section":"Shading Mode"},"sceneLighting":false,"audioPlay":false,"sceneViewState":{"showFog":true,"showMaterialUpdate":true,"showSkybox":true,"showFlares":true,"showImageEffects":true,"showParticleSystems":true},"in2DMode":false,"pivot":{"x":-14.50648307800293,"y":0.5723590850830078,"z":-12.053680419921875},"rotation":{"x":-0.05373338237404823,"y":-0.9345753788948059,"z":0.17495884001255036,"w":-0.30749523639678957},"size":6.740483283996582,"orthographic":false}