{"cameraMode":{"drawMode":0,"name":"Shaded","section":"Shading Mode"},"sceneLighting":false,"audioPlay":false,"sceneViewState":{"showFog":true,"showMaterialUpdate":true,"showSkybox":true,"showFlares":true,"showImageEffects":true,"showParticleSystems":true},"in2DMode":false,"pivot":{"x":-11.270859718322754,"y":-0.029153823852539064,"z":-5.936398029327393},"rotation":{"x":-0.040302131325006488,"y":-0.9330936074256897,"z":0.3338557481765747,"w":-0.12832294404506684},"size":1.2315007448196412,"orthographic":false}