{"cameraMode":{"drawMode":0,"name":"Shaded","section":"Shading Mode"},"sceneLighting":false,"audioPlay":false,"sceneViewState":{"showFog":true,"showMaterialUpdate":true,"showSkybox":true,"showFlares":true,"showImageEffects":true,"showParticleSystems":true},"in2DMode":false,"pivot":{"x":-12.35998249053955,"y":-0.0027907192707061769,"z":7.446586608886719},"rotation":{"x":0.11199847608804703,"y":-0.17750118672847749,"z":0.016903167590498925,"w":0.9781860709190369},"size":0.1490013599395752,"orthographic":false}