{"cameraMode":{"drawMode":0,"name":"Shaded","section":"Shading Mode"},"sceneLighting":false,"audioPlay":false,"sceneViewState":{"showFog":true,"showMaterialUpdate":true,"showSkybox":true,"showFlares":true,"showImageEffects":true,"showParticleSystems":true},"in2DMode":false,"pivot":{"x":-21.323802947998048,"y":0.1206577867269516,"z":-8.478920936584473},"rotation":{"x":-0.012508324347436428,"y":0.9458458423614502,"z":-0.029987018555402757,"w":-0.3284989297389984},"size":0.9606216549873352,"orthographic":false}