{"cameraMode":{"drawMode":0,"name":"Shaded","section":"Shading Mode"},"sceneLighting":false,"audioPlay":false,"sceneViewState":{"showFog":true,"showMaterialUpdate":true,"showSkybox":true,"showFlares":true,"showImageEffects":true,"showParticleSystems":true},"in2DMode":false,"pivot":{"x":0.10256810486316681,"y":-7.242426872253418,"z":5.751072406768799},"rotation":{"x":0.4540606439113617,"y":0.015864424407482148,"z":-0.008839445188641549,"w":0.8930104970932007},"size":4.751010894775391,"orthographic":false}