{"cameraMode":{"drawMode":0,"name":"Shaded","section":"Shading Mode"},"sceneLighting":false,"audioPlay":false,"sceneViewState":{"showFog":true,"showMaterialUpdate":true,"showSkybox":true,"showFlares":true,"showImageEffects":true,"showParticleSystems":true},"in2DMode":false,"pivot":{"x":-5.172855854034424,"y":-2.056335210800171,"z":-6.777849197387695},"rotation":{"x":0.05362120643258095,"y":-0.9244824647903442,"z":0.15028341114521027,"w":0.3517912030220032},"size":5.2712907791137699,"orthographic":false}