{"cameraMode":{"drawMode":0,"name":"Shaded","section":"Shading Mode"},"sceneLighting":false,"audioPlay":false,"sceneViewState":{"showFog":true,"showMaterialUpdate":true,"showSkybox":true,"showFlares":true,"showImageEffects":true,"showParticleSystems":true},"in2DMode":false,"pivot":{"x":-3.5488243103027345,"y":3.701622724533081,"z":-4.943986892700195},"rotation":{"x":-0.0075533888302743439,"y":-0.5942333340644836,"z":-0.028701065108180047,"w":0.8050340414047241},"size":2.8638858795166017,"orthographic":false}