{"cameraMode":{"drawMode":0,"name":"Shaded","section":"Shading Mode"},"sceneLighting":false,"audioPlay":false,"sceneViewState":{"showFog":true,"showMaterialUpdate":true,"showSkybox":true,"showFlares":true,"showImageEffects":true,"showParticleSystems":true},"in2DMode":false,"pivot":{"x":-30.495882034301759,"y":-0.8237013816833496,"z":11.820711135864258},"rotation":{"x":0.09627760201692581,"y":0.025814535096287729,"z":-0.02177431434392929,"w":0.9960387945175171},"size":2.966268539428711,"orthographic":false}