{"cameraMode":{"drawMode":0,"name":"Shaded","section":"Shading Mode"},"sceneLighting":false,"audioPlay":false,"sceneViewState":{"showFog":true,"showMaterialUpdate":true,"showSkybox":true,"showFlares":true,"showImageEffects":true,"showParticleSystems":true},"in2DMode":false,"pivot":{"x":-32.00811004638672,"y":-0.4792758524417877,"z":9.313482284545899},"rotation":{"x":0.045533791184425357,"y":-0.12637372314929963,"z":-0.006127146538347006,"w":0.9925117492675781},"size":1.7018709182739258,"orthographic":false}