{"cameraMode":{"drawMode":0,"name":"Shaded","section":"Shading Mode"},"sceneLighting":false,"audioPlay":false,"sceneViewState":{"showFog":true,"showMaterialUpdate":true,"showSkybox":true,"showFlares":true,"showImageEffects":true,"showParticleSystems":true},"in2DMode":false,"pivot":{"x":-27.766834259033204,"y":3.406076192855835,"z":1.507460594177246},"rotation":{"x":0.06434878706932068,"y":0.8915265798568726,"z":-0.1686788648366928,"w":0.41779202222824099},"size":3.2902610301971437,"orthographic":false}