{"cameraMode":{"drawMode":0,"name":"Shaded","section":"Shading Mode"},"sceneLighting":false,"audioPlay":false,"sceneViewState":{"showFog":true,"showMaterialUpdate":true,"showSkybox":true,"showFlares":true,"showImageEffects":true,"showParticleSystems":true},"in2DMode":false,"pivot":{"x":-13.5493745803833,"y":0.6390644311904907,"z":-3.862977981567383},"rotation":{"x":-0.006436564028263092,"y":0.18034401535987855,"z":0.013480039313435555,"w":-0.9845036268234253},"size":0.09830403327941895,"orthographic":false}