{"cameraMode":{"drawMode":0,"name":"Shaded","section":"Shading Mode"},"sceneLighting":false,"audioPlay":false,"sceneViewState":{"showFog":true,"showMaterialUpdate":true,"showSkybox":true,"showFlares":true,"showImageEffects":true,"showParticleSystems":true},"in2DMode":false,"pivot":{"x":-3.20798397064209,"y":-6.011861801147461,"z":4.520622253417969},"rotation":{"x":0.24923647940158845,"y":0.20302309095859528,"z":-0.05877695232629776,"w":0.945185661315918},"size":5.577828407287598,"orthographic":false}