{"cameraMode":{"drawMode":0,"name":"Shaded","section":"Shading Mode"},"sceneLighting":false,"audioPlay":false,"sceneViewState":{"showFog":true,"showMaterialUpdate":true,"showSkybox":true,"showFlares":true,"showImageEffects":true,"showParticleSystems":true},"in2DMode":false,"pivot":{"x":-13.08996868133545,"y":8.164434432983399,"z":-4.735764980316162},"rotation":{"x":0.07372572273015976,"y":0.6450800895690918,"z":-0.07886090874671936,"w":0.7575659155845642},"size":-0.9516450762748718,"orthographic":false}