{"cameraMode":{"drawMode":0,"name":"Shaded","section":"Shading Mode"},"sceneLighting":false,"audioPlay":false,"sceneViewState":{"showFog":true,"showMaterialUpdate":true,"showSkybox":true,"showFlares":true,"showImageEffects":true,"showParticleSystems":true},"in2DMode":false,"pivot":{"x":0.23257660865783692,"y":1.6165192127227784,"z":6.052476406097412},"rotation":{"x":-0.036721378564834598,"y":0.030895421281456949,"z":-0.0009399472619406879,"w":1.0006037950515748},"size":2.763270139694214,"orthographic":false}