{"cameraMode":{"drawMode":0,"name":"Shaded","section":"Shading Mode"},"sceneLighting":false,"audioPlay":false,"sceneViewState":{"showFog":true,"showMaterialUpdate":true,"showSkybox":true,"showFlares":true,"showImageEffects":true,"showParticleSystems":true},"in2DMode":false,"pivot":{"x":-29.088966369628908,"y":0.0010292530059814454,"z":8.23713493347168},"rotation":{"x":0.16609391570091248,"y":0.5630003213882446,"z":-0.14063358306884767,"w":0.7986915707588196},"size":1.3071072101593018,"orthographic":false}