{"cameraMode":{"drawMode":0,"name":"Shaded","section":"Shading Mode"},"sceneLighting":false,"audioPlay":false,"sceneViewState":{"showFog":true,"showMaterialUpdate":true,"showSkybox":true,"showFlares":true,"showImageEffects":true,"showParticleSystems":true},"in2DMode":false,"pivot":{"x":0.9917337894439697,"y":-3.598552942276001,"z":11.134515762329102},"rotation":{"x":-0.15078306198120118,"y":-0.15016883611679078,"z":0.03846454247832298,"w":-0.9773619771003723},"size":5.535296440124512,"orthographic":false}