{"cameraMode":{"drawMode":0,"name":"Shaded","section":"Shading Mode"},"sceneLighting":false,"audioPlay":false,"sceneViewState":{"showFog":true,"showMaterialUpdate":true,"showSkybox":true,"showFlares":true,"showImageEffects":true,"showParticleSystems":true},"in2DMode":false,"pivot":{"x":-6.88313627243042,"y":-1.0259900093078614,"z":12.367918014526368},"rotation":{"x":0.15187664330005647,"y":-0.05519982427358627,"z":0.006182824727147818,"w":0.9880390763282776},"size":2.6359732151031496,"orthographic":false}