{"cameraMode":{"drawMode":0,"name":"Shaded","section":"Shading Mode"},"sceneLighting":false,"audioPlay":false,"sceneViewState":{"showFog":true,"showMaterialUpdate":true,"showSkybox":false,"showFlares":true,"showImageEffects":true,"showParticleSystems":true},"in2DMode":false,"pivot":{"x":-0.8361146450042725,"y":-0.650300145149231,"z":-1.401098370552063},"rotation":{"x":0.06748253107070923,"y":-0.9302532076835632,"z":0.2190978229045868,"w":0.2865304946899414},"size":2.357196807861328,"orthographic":false}