{"cameraMode":{"drawMode":0,"name":"Shaded","section":"Shading Mode"},"sceneLighting":false,"audioPlay":false,"sceneViewState":{"showFog":true,"showMaterialUpdate":true,"showSkybox":false,"showFlares":true,"showImageEffects":true,"showParticleSystems":true},"in2DMode":false,"pivot":{"x":3.6188714504241945,"y":1.7149428129196168,"z":2.748281240463257},"rotation":{"x":-0.10364516824483872,"y":-0.31267037987709048,"z":0.037663210183382037,"w":-0.9439926743507385},"size":3.24845814704895,"orthographic":false}