{"cameraMode":{"drawMode":0,"name":"Shaded","section":"Shading Mode"},"sceneLighting":false,"audioPlay":false,"sceneViewState":{"showFog":true,"showMaterialUpdate":true,"showSkybox":true,"showFlares":true,"showImageEffects":true,"showParticleSystems":true},"in2DMode":false,"pivot":{"x":-11.615148544311524,"y":-0.3776988387107849,"z":-5.685245037078857},"rotation":{"x":0.13380691409111024,"y":0.5930112600326538,"z":-0.12154533714056015,"w":0.785947859287262},"size":3.1040396690368654,"orthographic":false}