{"cameraMode":{"drawMode":0,"name":"Shaded","section":"Shading Mode"},"sceneLighting":false,"audioPlay":false,"sceneViewState":{"showFog":true,"showMaterialUpdate":true,"showSkybox":false,"showFlares":true,"showImageEffects":true,"showParticleSystems":true},"in2DMode":false,"pivot":{"x":1.1859990358352662,"y":3.018843650817871,"z":-1.098736047744751},"rotation":{"x":0.0677681714296341,"y":0.7530781626701355,"z":-0.10874282568693161,"w":0.6472725868225098},"size":0.8781980872154236,"orthographic":false}