{"cameraMode":{"drawMode":0,"name":"Shaded","section":"Shading Mode"},"sceneLighting":false,"audioPlay":false,"sceneViewState":{"showFog":true,"showMaterialUpdate":true,"showSkybox":true,"showFlares":true,"showImageEffects":true,"showParticleSystems":true},"in2DMode":false,"pivot":{"x":-11.692173957824707,"y":4.49167013168335,"z":6.08842658996582},"rotation":{"x":-0.032288480550050738,"y":0.575016438961029,"z":-0.010432005859911442,"w":-0.8195540904998779},"size":0.4485321640968323,"orthographic":false}