{"cameraMode":{"drawMode":0,"name":"Shaded","section":"Shading Mode"},"sceneLighting":false,"audioPlay":false,"sceneViewState":{"showFog":true,"showMaterialUpdate":true,"showSkybox":true,"showFlares":true,"showImageEffects":true,"showParticleSystems":true},"in2DMode":false,"pivot":{"x":3.6001381874084474,"y":-10.04207992553711,"z":42.151981353759769},"rotation":{"x":-0.1296437382698059,"y":-0.02635108307003975,"z":0.005494706332683563,"w":-0.9929854273796082},"size":24.95009422302246,"orthographic":false}