{"cameraMode":{"drawMode":0,"name":"Shaded","section":"Shading Mode"},"sceneLighting":false,"audioPlay":false,"sceneViewState":{"showFog":true,"showMaterialUpdate":true,"showSkybox":false,"showFlares":true,"showImageEffects":true,"showParticleSystems":true},"in2DMode":false,"pivot":{"x":0.0209210142493248,"y":-0.04124137759208679,"z":-0.8164969682693481},"rotation":{"x":0.0018455545650795103,"y":0.9907930493354797,"z":-0.13556280732154847,"w":0.03221454098820686},"size":1.5073950290679932,"orthographic":false}