{"cameraMode":{"drawMode":0,"name":"Shaded","section":"Shading Mode"},"sceneLighting":false,"audioPlay":false,"sceneViewState":{"showFog":true,"showMaterialUpdate":true,"showSkybox":true,"showFlares":true,"showImageEffects":true,"showParticleSystems":true},"in2DMode":false,"pivot":{"x":-13.909372329711914,"y":-0.1165163666009903,"z":-0.6114909648895264},"rotation":{"x":0.07117974013090134,"y":-0.9082348346710205,"z":0.1151825338602066,"w":0.3991107642650604},"size":0.3402351438999176,"orthographic":false}