{"cameraMode":{"drawMode":0,"name":"Shaded","section":"Shading Mode"},"sceneLighting":false,"audioPlay":false,"sceneViewState":{"showFog":true,"showMaterialUpdate":true,"showSkybox":true,"showFlares":true,"showImageEffects":true,"showParticleSystems":true},"in2DMode":false,"pivot":{"x":-6.788918495178223,"y":-2.4012598991394045,"z":5.130563259124756},"rotation":{"x":-0.25703710317611697,"y":0.26528143882751467,"z":-0.07511331886053086,"w":-0.9270076155662537},"size":4.828244209289551,"orthographic":false}