{"cameraMode":{"drawMode":0,"name":"Shaded","section":"Shading Mode"},"sceneLighting":false,"audioPlay":false,"sceneViewState":{"showFog":true,"showMaterialUpdate":true,"showSkybox":true,"showFlares":true,"showImageEffects":true,"showParticleSystems":true},"in2DMode":false,"pivot":{"x":4.899942398071289,"y":-5.322303295135498,"z":-7.310784816741943},"rotation":{"x":0.0936238244175911,"y":0.8657853603363037,"z":-0.1710824817419052,"w":0.4649490714073181},"size":7.051987648010254,"orthographic":false}