{"cameraMode":{"drawMode":0,"name":"Shaded","section":"Shading Mode"},"sceneLighting":false,"audioPlay":false,"sceneViewState":{"showFog":true,"showMaterialUpdate":true,"showSkybox":true,"showFlares":true,"showImageEffects":true,"showParticleSystems":true},"in2DMode":false,"pivot":{"x":-10.194214820861817,"y":0.2640950381755829,"z":-9.82377815246582},"rotation":{"x":0.004329546820372343,"y":0.8416144251823425,"z":-0.01440894789993763,"w":0.543582558631897},"size":6.009440898895264,"orthographic":false}