{"cameraMode":{"drawMode":0,"name":"Shaded","section":"Shading Mode"},"sceneLighting":false,"audioPlay":false,"sceneViewState":{"showFog":true,"showMaterialUpdate":true,"showSkybox":true,"showFlares":true,"showImageEffects":true,"showParticleSystems":true},"in2DMode":false,"pivot":{"x":-4.4206414222717289,"y":-7.365584850311279,"z":-0.24477660655975343},"rotation":{"x":-0.3736676573753357,"y":0.5983686447143555,"z":-0.37579503655433657,"w":-0.60398930311203},"size":4.239097595214844,"orthographic":false}