{"cameraMode":{"drawMode":0,"name":"Shaded","section":"Shading Mode"},"sceneLighting":false,"audioPlay":false,"sceneViewState":{"showFog":true,"showMaterialUpdate":true,"showSkybox":true,"showFlares":true,"showImageEffects":true,"showParticleSystems":true},"in2DMode":false,"pivot":{"x":-9.258442878723145,"y":0.3700515627861023,"z":0.04607240855693817},"rotation":{"x":-0.06343396008014679,"y":0.7432863712310791,"z":0.030570896342396737,"w":0.6673727035522461},"size":-0.28561359643936159,"orthographic":false}