{"cameraMode":{"drawMode":0,"name":"Shaded","section":"Shading Mode"},"sceneLighting":false,"audioPlay":false,"sceneViewState":{"showFog":true,"showMaterialUpdate":true,"showSkybox":true,"showFlares":true,"showImageEffects":true,"showParticleSystems":true},"in2DMode":false,"pivot":{"x":-24.060302734375,"y":-0.7705676555633545,"z":-0.09647321701049805},"rotation":{"x":-0.15881037712097169,"y":-0.04556206613779068,"z":0.012613125145435334,"w":-0.9862942695617676},"size":3.790903329849243,"orthographic":false}