{"cameraMode":{"drawMode":0,"name":"Shaded","section":"Shading Mode"},"sceneLighting":false,"audioPlay":false,"sceneViewState":{"showFog":true,"showMaterialUpdate":true,"showSkybox":true,"showFlares":true,"showImageEffects":true,"showParticleSystems":true},"in2DMode":false,"pivot":{"x":-27.02066993713379,"y":0.8252176642417908,"z":1.8764116764068604},"rotation":{"x":0.0485135056078434,"y":0.7795246839523315,"z":-0.08131634443998337,"w":0.6207610368728638},"size":0.3097386956214905,"orthographic":false}