{"cameraMode":{"drawMode":0,"name":"Shaded","section":"Shading Mode"},"sceneLighting":false,"audioPlay":false,"sceneViewState":{"showFog":true,"showMaterialUpdate":true,"showSkybox":true,"showFlares":true,"showImageEffects":true,"showParticleSystems":true},"in2DMode":false,"pivot":{"x":-22.282562255859376,"y":0.23031234741210938,"z":-0.49247241020202639},"rotation":{"x":-0.021427959203720094,"y":-0.8166050910949707,"z":0.03372539207339287,"w":-0.5770581960678101},"size":5.245617866516113,"orthographic":false}