{"cameraMode":{"drawMode":0,"name":"Shaded","section":"Shading Mode"},"sceneLighting":false,"audioPlay":false,"sceneViewState":{"showFog":true,"showMaterialUpdate":true,"showSkybox":true,"showFlares":true,"showImageEffects":true,"showParticleSystems":true},"in2DMode":false,"pivot":{"x":-5.399724006652832,"y":0.6222765445709229,"z":-0.6624288558959961},"rotation":{"x":0.0503644198179245,"y":-0.5799149870872498,"z":-0.03385290503501892,"w":-0.8148884177207947},"size":1.3427555561065674,"orthographic":false}