{"cameraMode":{"drawMode":0,"name":"Shaded","section":"Shading Mode"},"sceneLighting":false,"audioPlay":false,"sceneViewState":{"showFog":true,"showMaterialUpdate":true,"showSkybox":true,"showFlares":true,"showImageEffects":true,"showParticleSystems":true},"in2DMode":false,"pivot":{"x":-5.684046745300293,"y":1.279089331626892,"z":0.7616415023803711},"rotation":{"x":-0.012544379569590092,"y":0.3850869834423065,"z":0.0026969644241034986,"w":0.9233601093292236},"size":6.516820430755615,"orthographic":false}