{"cameraMode":{"drawMode":0,"name":"Shaded","section":"Shading Mode"},"sceneLighting":false,"audioPlay":false,"sceneViewState":{"showFog":true,"showMaterialUpdate":true,"showSkybox":true,"showFlares":true,"showImageEffects":true,"showParticleSystems":true},"in2DMode":false,"pivot":{"x":-18.320350646972658,"y":4.0315728187561039,"z":-5.997211456298828},"rotation":{"x":0.035480599850416186,"y":-0.9040696024894714,"z":0.07044550031423569,"w":0.4209413528442383},"size":0.9519619345664978,"orthographic":false}