{"cameraMode":{"drawMode":0,"name":"Shaded","section":"Shading Mode"},"sceneLighting":false,"audioPlay":false,"sceneViewState":{"showFog":true,"showMaterialUpdate":true,"showSkybox":true,"showFlares":true,"showImageEffects":true,"showParticleSystems":true},"in2DMode":false,"pivot":{"x":-23.980989456176759,"y":-4.585261344909668,"z":2.8481521606445314},"rotation":{"x":0.011933877132833004,"y":-0.8400341868400574,"z":0.5431290864944458,"w":0.022634217515587808},"size":9.902698516845704,"orthographic":false}