{"cameraMode":{"drawMode":0,"name":"Shaded","section":"Shading Mode"},"sceneLighting":false,"audioPlay":false,"sceneViewState":{"showFog":true,"showMaterialUpdate":true,"showSkybox":true,"showFlares":true,"showImageEffects":true,"showParticleSystems":true},"in2DMode":false,"pivot":{"x":-1.1928284168243409,"y":0.8550477027893066,"z":1.0710116624832154},"rotation":{"x":0.05787898600101471,"y":0.07261806726455689,"z":-0.00350307603366673,"w":0.9975855946540833},"size":1.2767524719238282,"orthographic":false}