{"cameraMode":{"drawMode":0,"name":"Shaded","section":"Shading Mode"},"sceneLighting":false,"audioPlay":false,"sceneViewState":{"showFog":true,"showMaterialUpdate":true,"showSkybox":false,"showFlares":true,"showImageEffects":true,"showParticleSystems":true},"in2DMode":false,"pivot":{"x":-1.8448867797851563,"y":-0.1334564983844757,"z":1.1068912744522095},"rotation":{"x":0.13494503498077393,"y":-0.4061802625656128,"z":0.05940830335021019,"w":0.9024331569671631},"size":0.9453238844871521,"orthographic":false}