{"cameraMode":{"drawMode":0,"name":"Shaded","section":"Shading Mode"},"sceneLighting":false,"audioPlay":false,"sceneViewState":{"showFog":true,"showMaterialUpdate":true,"showSkybox":true,"showFlares":true,"showImageEffects":true,"showParticleSystems":true},"in2DMode":false,"pivot":{"x":-23.269746780395509,"y":5.208895683288574,"z":-2.693546772003174},"rotation":{"x":-0.013492508791387082,"y":-0.9787695407867432,"z":-0.18987545371055604,"w":0.09620657563209534},"size":0.6277700662612915,"orthographic":false}