{"cameraMode":{"drawMode":0,"name":"Shaded","section":"Shading Mode"},"sceneLighting":false,"audioPlay":false,"sceneViewState":{"showFog":true,"showMaterialUpdate":true,"showSkybox":true,"showFlares":true,"showImageEffects":true,"showParticleSystems":true},"in2DMode":false,"pivot":{"x":-0.30911123752593996,"y":-7.094020843505859,"z":42.58845901489258},"rotation":{"x":-0.08944237977266312,"y":0.02133794315159321,"z":0.00015566174988634884,"w":-0.9975456595420837},"size":22.521236419677736,"orthographic":false}