{"cameraMode":{"drawMode":0,"name":"Shaded","section":"Shading Mode"},"sceneLighting":false,"audioPlay":false,"sceneViewState":{"showFog":true,"showMaterialUpdate":true,"showSkybox":true,"showFlares":true,"showImageEffects":true,"showParticleSystems":true},"in2DMode":false,"pivot":{"x":-3.736494779586792,"y":-0.124522864818573,"z":0.39233481884002688},"rotation":{"x":-0.07608814537525177,"y":0.9328123331069946,"z":-0.25250351428985598,"w":-0.25203487277030947},"size":0.6619580984115601,"orthographic":false}