{"cameraMode":{"drawMode":0,"name":"Shaded","section":"Shading Mode"},"sceneLighting":false,"audioPlay":false,"sceneViewState":{"showFog":true,"showMaterialUpdate":true,"showSkybox":true,"showFlares":true,"showImageEffects":true,"showParticleSystems":true},"in2DMode":false,"pivot":{"x":-3.1074066162109377,"y":-0.9963016510009766,"z":-4.184447288513184},"rotation":{"x":-0.07564777880907059,"y":-0.6601933836936951,"z":0.07400240004062653,"w":-0.7437418103218079},"size":7.048126220703125,"orthographic":false}