{"cameraMode":{"drawMode":0,"name":"Shaded","section":"Shading Mode"},"sceneLighting":false,"audioPlay":false,"sceneViewState":{"showFog":true,"showMaterialUpdate":true,"showSkybox":true,"showFlares":true,"showImageEffects":true,"showParticleSystems":true},"in2DMode":false,"pivot":{"x":-16.950027465820314,"y":-9.01133918762207,"z":-6.117475509643555},"rotation":{"x":-0.14157789945602418,"y":0.8315204977989197,"z":-0.21219295263290406,"w":-0.495464026927948},"size":11.05103874206543,"orthographic":false}