{"cameraMode":{"drawMode":0,"name":"Shaded","section":"Shading Mode"},"sceneLighting":false,"audioPlay":false,"sceneViewState":{"showFog":true,"showMaterialUpdate":true,"showSkybox":true,"showFlares":true,"showImageEffects":true,"showParticleSystems":true},"in2DMode":false,"pivot":{"x":-20.937164306640626,"y":0.9016457796096802,"z":-0.15148316323757173},"rotation":{"x":0.035710956901311877,"y":-0.5172702074050903,"z":0.0006484762416221201,"w":0.8563953638076782},"size":-2.5071070194244386,"orthographic":false}