{"cameraMode":{"drawMode":0,"name":"Shaded","section":"Shading Mode"},"sceneLighting":false,"audioPlay":false,"sceneViewState":{"showFog":true,"showMaterialUpdate":true,"showSkybox":true,"showFlares":true,"showImageEffects":true,"showParticleSystems":true},"in2DMode":false,"pivot":{"x":0.5454421043395996,"y":1.997857689857483,"z":2.4818906784057619},"rotation":{"x":-0.020371152088046075,"y":0.24384941160678864,"z":0.0014624849427491427,"w":0.9716681241989136},"size":2.079664945602417,"orthographic":false}