{"cameraMode":{"drawMode":0,"name":"Shaded","section":"Shading Mode"},"sceneLighting":false,"audioPlay":false,"sceneViewState":{"showFog":true,"showMaterialUpdate":true,"showSkybox":true,"showFlares":true,"showImageEffects":true,"showParticleSystems":true},"in2DMode":false,"pivot":{"x":-2.0403685569763185,"y":-1.5644986629486085,"z":-2.0341763496398927},"rotation":{"x":0.03039657697081566,"y":-0.9682347178459168,"z":0.23707029223442079,"w":0.09273016452789307},"size":3.6619577407836916,"orthographic":false}