{"cameraMode":{"drawMode":0,"name":"Shaded","section":"Shading Mode"},"sceneLighting":false,"audioPlay":false,"sceneViewState":{"showFog":true,"showMaterialUpdate":true,"showSkybox":true,"showFlares":true,"showImageEffects":true,"showParticleSystems":true},"in2DMode":false,"pivot":{"x":4.012764930725098,"y":-2.256408452987671,"z":2.7128281593322756},"rotation":{"x":0.21062897145748139,"y":0.6299884915351868,"z":-0.18587873876094819,"w":0.7256678342819214},"size":5.888521194458008,"orthographic":false}