{"cameraMode":{"drawMode":0,"name":"Shaded","section":"Shading Mode"},"sceneLighting":false,"audioPlay":false,"sceneViewState":{"showFog":true,"showMaterialUpdate":true,"showSkybox":true,"showFlares":true,"showImageEffects":true,"showParticleSystems":true},"in2DMode":false,"pivot":{"x":-4.848733425140381,"y":-0.012364700436592102,"z":-0.37763237953186037},"rotation":{"x":-0.19962304830551148,"y":-0.4537070393562317,"z":0.11481831967830658,"w":-0.8627767562866211},"size":1.117353916168213,"orthographic":false}