{"cameraMode":{"drawMode":0,"name":"Shaded","section":"Shading Mode"},"sceneLighting":false,"audioPlay":false,"sceneViewState":{"showFog":true,"showMaterialUpdate":true,"showSkybox":false,"showFlares":true,"showImageEffects":true,"showParticleSystems":true},"in2DMode":false,"pivot":{"x":-0.9328702688217163,"y":-0.9399975538253784,"z":-1.387256145477295},"rotation":{"x":0.0354619063436985,"y":-0.9341071248054504,"z":0.34445762634277346,"w":0.09294045716524124},"size":0.9453238844871521,"orthographic":false}