{"cameraMode":{"drawMode":0,"name":"Shaded","section":"Shading Mode"},"sceneLighting":false,"audioPlay":false,"sceneViewState":{"showFog":true,"showMaterialUpdate":true,"showSkybox":true,"showFlares":true,"showImageEffects":true,"showParticleSystems":true},"in2DMode":false,"pivot":{"x":-18.28647804260254,"y":-6.680395126342773,"z":-4.794004440307617},"rotation":{"x":-0.07509827613830567,"y":0.9002278447151184,"z":-0.39071351289749148,"w":-0.18061186373233796},"size":15.007796287536621,"orthographic":false}