{"cameraMode":{"drawMode":0,"name":"Shaded","section":"Shading Mode"},"sceneLighting":false,"audioPlay":false,"sceneViewState":{"showFog":true,"showMaterialUpdate":true,"showSkybox":true,"showFlares":true,"showImageEffects":true,"showParticleSystems":true},"in2DMode":false,"pivot":{"x":-2.6624395847320558,"y":1.1915571689605713,"z":2.2592453956604006},"rotation":{"x":0.3452134132385254,"y":0.34821125864982607,"z":0.16630010306835175,"w":-0.857276976108551},"size":1.4575068950653077,"orthographic":false}