{"cameraMode":{"drawMode":0,"name":"Shaded","section":"Shading Mode"},"sceneLighting":false,"audioPlay":false,"sceneViewState":{"showFog":true,"showMaterialUpdate":true,"showSkybox":true,"showFlares":true,"showImageEffects":true,"showParticleSystems":true},"in2DMode":false,"pivot":{"x":1.3650813102722169,"y":-1.5415678024291993,"z":4.198916435241699},"rotation":{"x":0.10395663231611252,"y":0.5461781620979309,"z":-0.06726308166980744,"w":0.8307496905326843},"size":5.482887268066406,"orthographic":false}