{"cameraMode":{"drawMode":0,"name":"Shaded","section":"Shading Mode"},"sceneLighting":false,"audioPlay":false,"sceneViewState":{"showFog":true,"showMaterialUpdate":true,"showSkybox":false,"showFlares":true,"showImageEffects":true,"showParticleSystems":true},"in2DMode":false,"pivot":{"x":-0.5005598068237305,"y":0.1426306962966919,"z":0.43250179290771487},"rotation":{"x":-0.22650139033794404,"y":-0.058562275022268298,"z":0.01550272572785616,"w":-0.9726787805557251},"size":0.90739506483078,"orthographic":false}