{"cameraMode":{"drawMode":0,"name":"Shaded","section":"Shading Mode"},"sceneLighting":false,"audioPlay":false,"sceneViewState":{"showFog":true,"showMaterialUpdate":true,"showSkybox":true,"showFlares":true,"showImageEffects":true,"showParticleSystems":true},"in2DMode":false,"pivot":{"x":-2.0169684886932375,"y":-0.3819394111633301,"z":2.1927356719970705},"rotation":{"x":-0.15262852609157563,"y":0.7550355195999146,"z":-0.1837485432624817,"w":-0.612586498260498},"size":2.194774866104126,"orthographic":false}