{"cameraMode":{"drawMode":0,"name":"Shaded","section":"Shading Mode"},"sceneLighting":false,"audioPlay":false,"sceneViewState":{"showFog":true,"showMaterialUpdate":true,"showSkybox":false,"showFlares":true,"showImageEffects":true,"showParticleSystems":true},"in2DMode":false,"pivot":{"x":-9.468704223632813,"y":-0.779447078704834,"z":5.942699432373047},"rotation":{"x":-0.18886370956897736,"y":0.016021454706788064,"z":-0.001177119673229754,"w":-0.9824197292327881},"size":10.0,"orthographic":false}