{"cameraMode":{"drawMode":0,"name":"Shaded","section":"Shading Mode"},"sceneLighting":false,"audioPlay":false,"sceneViewState":{"showFog":true,"showMaterialUpdate":true,"showSkybox":true,"showFlares":true,"showImageEffects":true,"showParticleSystems":true},"in2DMode":false,"pivot":{"x":-15.289090156555176,"y":3.762113094329834,"z":3.4238789081573488},"rotation":{"x":-0.0333857536315918,"y":-0.7045650482177734,"z":-0.03544655069708824,"w":0.7107419371604919},"size":3.00705623626709,"orthographic":false}