{"cameraMode":{"drawMode":0,"name":"Shaded","section":"Shading Mode"},"sceneLighting":false,"audioPlay":false,"sceneViewState":{"showFog":true,"showMaterialUpdate":true,"showSkybox":false,"showFlares":true,"showImageEffects":true,"showParticleSystems":true},"in2DMode":false,"pivot":{"x":0.0,"y":-5.960464477539063e-8,"z":-1.7881393432617188e-7},"rotation":{"x":-0.05520917847752571,"y":0.9473663568496704,"z":-0.24121488630771638,"w":-0.20587019622325898},"size":1.7503645420074463,"orthographic":false}