{"cameraMode":{"drawMode":0,"name":"Shaded","section":"Shading Mode"},"sceneLighting":false,"audioPlay":false,"sceneViewState":{"showFog":true,"showMaterialUpdate":true,"showSkybox":true,"showFlares":true,"showImageEffects":true,"showParticleSystems":true},"in2DMode":false,"pivot":{"x":-31.05915069580078,"y":0.6527056097984314,"z":-4.608598232269287},"rotation":{"x":0.11683104932308197,"y":-0.7292424440383911,"z":0.1209968626499176,"w":0.663605272769928},"size":0.7950426936149597,"orthographic":false}